<?xml version="1.0" encoding="UTF-8"?>
<configuration debug="false">

	<!-- sends logs to logback-beagle -->
	<consolePlugin silent="true" />

	<timestamp key="bySecond" datePattern="yyyy-MM-dd' T'HH-mm-ss" />

	<appender name="STDOUT" class="ch.qos.logback.core.ConsoleAppender">
		<encoder>
			<pattern>%d{HH:mm:ss.SSS} [%thread] %-5level - %msg%n</pattern>
		</encoder>
	</appender>

	<appender name="fileAppender" class="ch.qos.logback.core.FileAppender">
		<file>./log/${bySecond}_timePushingService_sap2quickbase.log</file>
		<encoder>
			<pattern>%d{HH:mm:ss.SSS} [%thread] %-5level - %msg%n</pattern>
		</encoder>
	</appender>

	<root level="TRACE">
		<appender-ref ref="fileAppender" />
		<appender-ref ref="STDOUT" />
	</root>
</configuration>